Judul,Harga,WaktuAmbil
"Apple iPhone 14 Pro Garansi Resmi - 128GB 256GB 512GB 1TB - 128GB, Space Black",16.989.000,2023-09-16
"Apple iPhone 14 Pro Garansi Resmi - 128GB 256GB 512GB 1TB - 128GB, Space Black",16.989.000,2023-09-16
"Apple iPhone 14 Pro Garansi Resmi - 128GB 256GB 512GB 1TB - 128GB, Space Black",16.989.000,2023-09-16
"Apple iPhone 14 Pro Garansi Resmi - 128GB 256GB 512GB 1TB - 128GB, Space Black",16.989.000,2023-09-16
"Apple iPhone 14 Pro Garansi Resmi - 128GB 256GB 512GB 1TB - 128GB, Space Black",16.989.000,2023-09-16
"Apple iPhone 14 Pro Garansi Resmi - 128GB 256GB 512GB 1TB - 128GB, Space Black",16.989.000,2023-09-16
"Apple iPhone 14 Pro Garansi Resmi - 128GB 256GB 512GB 1TB - 128GB, Space Black",16.989.000,2023-09-16
"Apple iPhone 14 Pro Garansi Resmi - 128GB 256GB 512GB 1TB - 128GB, Space Black",16.989.000,2023-09-16
"Apple iPhone 14 Pro Garansi Resmi - 128GB 256GB 512GB 1TB - 128GB, Space Black",16.989.000,2023-09-16
